forecast_id,week_starting,corridor,forecast_freight_trains,dominant_commodity,forecast_confidence,source
G001,2026-09-01,Mumbai-Pune-Solapur,12,Coal,Low,Control Office (simulated forecast feed)
G002,2026-09-01,Mumbai-Nagpur Trunk,18,Container,High,Control Office (simulated forecast feed)
G003,2026-09-01,Pune-Kolhapur,16,Container,Medium,Control Office (simulated forecast feed)
G004,2026-09-08,Mumbai-Pune-Solapur,16,Container,Medium,Control Office (simulated forecast feed)
G005,2026-09-08,Mumbai-Nagpur Trunk,8,Container,Low,Control Office (simulated forecast feed)
G006,2026-09-08,Pune-Kolhapur,14,Container,Medium,Control Office (simulated forecast feed)
G007,2026-09-15,Mumbai-Pune-Solapur,8,Foodgrain,Low,Control Office (simulated forecast feed)
G008,2026-09-15,Mumbai-Nagpur Trunk,8,Automobiles,High,Control Office (simulated forecast feed)
G009,2026-09-15,Pune-Kolhapur,10,POL (fuel),High,Control Office (simulated forecast feed)
G010,2026-09-22,Mumbai-Pune-Solapur,16,Foodgrain,Low,Control Office (simulated forecast feed)
G011,2026-09-22,Mumbai-Nagpur Trunk,8,Coal,High,Control Office (simulated forecast feed)
G012,2026-09-22,Pune-Kolhapur,16,Automobiles,Medium,Control Office (simulated forecast feed)
G013,2026-09-29,Mumbai-Pune-Solapur,12,Steel,Medium,Control Office (simulated forecast feed)
G014,2026-09-29,Mumbai-Nagpur Trunk,16,Container,Medium,Control Office (simulated forecast feed)
G015,2026-09-29,Pune-Kolhapur,16,Automobiles,Medium,Control Office (simulated forecast feed)
G016,2026-10-06,Mumbai-Pune-Solapur,8,Foodgrain,Medium,Control Office (simulated forecast feed)
G017,2026-10-06,Mumbai-Nagpur Trunk,12,Container,High,Control Office (simulated forecast feed)
G018,2026-10-06,Pune-Kolhapur,16,Container,Medium,Control Office (simulated forecast feed)
