event_id,date,track_id,corridor,section,track_position_km,issue_type,severity,machine_resource,block_start,planned_duration_min,actual_duration_min,block_end,status,trains_affected
M0001,2026-08-01,T017,Mumbai-Nagpur Trunk,BD-WR,677.9,Ballast deficiency / packing,Medium,Tamping Machine (BCM),2026-08-01 02:15,90,0,N/A,Cancelled-Rescheduled,0
M0002,2026-08-01,T018,Mumbai-Nagpur Trunk,WR-NGP,786.4,Bridge / culvert inspection,Medium,Bridge Inspection Team,2026-08-01 13:30,135,135,2026-08-01 15:45,Completed,4
M0003,2026-08-02,T002,Mumbai-Pune-Solapur,DR-KYN,45.7,Rail weld failure (AT/flash-butt),High,Welding Crew,2026-08-02 00:00,180,170,2026-08-02 02:50,Planned,1
M0004,2026-08-02,T022,Pune-Kolhapur,SLI-MRJ,239.6,Vegetation / embankment clearance,Low,Manual Gang,2026-08-02 01:30,150,140,2026-08-02 03:50,Planned,2
M0005,2026-08-03,T022,Pune-Kolhapur,SLI-MRJ,232.2,Ultrasonic flaw detection (routine),Low,USFD Vehicle,2026-08-03 12:45,60,60,2026-08-03 13:45,Completed,4
M0006,2026-08-03,T019,Pune-Kolhapur,PUNE-STR,77.9,Bridge / culvert inspection,Medium,Bridge Inspection Team,2026-08-03 13:15,60,60,2026-08-03 14:15,Completed,0
M0007,2026-08-03,T003,Mumbai-Pune-Solapur,KYN-KJT,63.9,Rail fracture,High,Welding Crew,2026-08-03 00:15,120,110,2026-08-03 02:05,Completed,1
M0008,2026-08-04,T016,Mumbai-Nagpur Trunk,AK-BD,573.1,Rail corrugation,Low,Rail Grinding Machine,2026-08-04 00:00,180,170,2026-08-04 02:50,Completed,6
M0009,2026-08-04,T002,Mumbai-Pune-Solapur,DR-KYN,27.1,Ultrasonic flaw detection (routine),Low,USFD Vehicle,2026-08-04 23:00,60,0,N/A,Cancelled-Rescheduled,0
M0010,2026-08-05,T008,Mumbai-Pune-Solapur,KWV-SUR,345.0,Rail weld failure (AT/flash-butt),High,Welding Crew,2026-08-05 13:45,90,80,2026-08-05 15:05,Completed,8
M0011,2026-08-05,T003,Mumbai-Pune-Solapur,KYN-KJT,98.6,Vegetation / embankment clearance,Low,Manual Gang,2026-08-05 00:00,180,180,2026-08-05 03:00,Planned,2
M0012,2026-08-06,T016,Mumbai-Nagpur Trunk,AK-BD,549.1,Vegetation / embankment clearance,Low,Manual Gang,2026-08-06 12:00,90,80,2026-08-06 13:20,Completed,6
M0013,2026-08-06,T015,Mumbai-Nagpur Trunk,BSL-AK,456.2,OHE (overhead equipment) snag,High,OHE Maintenance Van,2026-08-06 23:45,90,120,2026-08-07 01:45,Overrun,0
M0014,2026-08-06,T011,Mumbai-Nagpur Trunk,KSRA-IGP,120.7,Rail fracture,High,USFD Vehicle,2026-08-06 13:45,150,150,2026-08-06 16:15,Completed,1
M0015,2026-08-07,T020,Pune-Kolhapur,STR-KRD,157.1,Ballast deficiency / packing,Medium,Tamping Machine (BCM),2026-08-07 01:45,60,0,N/A,Cancelled-Rescheduled,0
M0016,2026-08-07,T019,Pune-Kolhapur,PUNE-STR,102.8,Signal-track interface fault,High,S&T Maintenance Team,2026-08-07 13:00,135,130,2026-08-07 15:10,Completed,2
M0017,2026-08-08,T009,Mumbai-Nagpur Trunk,CSTM-KYN,50.2,Rail corrugation,Low,Rail Grinding Machine,2026-08-08 23:30,135,130,2026-08-09 01:40,Completed,1
M0018,2026-08-08,T015,Mumbai-Nagpur Trunk,BSL-AK,483.8,Signal-track interface fault,High,S&T Maintenance Team,2026-08-08 00:00,150,150,2026-08-08 02:30,Planned,1
M0019,2026-08-09,T008,Mumbai-Pune-Solapur,KWV-SUR,403.2,Points & crossing wear,Medium,P&C Maintenance Gang,2026-08-09 01:45,240,235,2026-08-09 05:40,Completed,0
M0020,2026-08-09,T022,Pune-Kolhapur,SLI-MRJ,232.7,Ballast deficiency / packing,Medium,Tamping Machine (BCM),2026-08-09 02:00,60,60,2026-08-09 03:00,Completed,2
M0021,2026-08-10,T022,Pune-Kolhapur,SLI-MRJ,230.9,Ultrasonic flaw detection (routine),Low,USFD Vehicle,2026-08-10 13:45,120,120,2026-08-10 15:45,Completed,6
M0022,2026-08-10,T002,Mumbai-Pune-Solapur,DR-KYN,33.8,Rail fracture,High,USFD Vehicle,2026-08-10 01:30,90,80,2026-08-10 02:50,Completed,6
M0023,2026-08-11,T003,Mumbai-Pune-Solapur,KYN-KJT,80.8,Ballast fouling / drainage issue (monsoon),Medium,Track Machine Gang,2026-08-11 13:00,240,235,2026-08-11 16:55,Completed,1
M0024,2026-08-11,T005,Mumbai-Pune-Solapur,LNL-PUNE,171.7,Rail fracture,High,Welding Crew,2026-08-11 02:00,120,120,2026-08-11 04:00,Completed,1
M0025,2026-08-12,T014,Mumbai-Nagpur Trunk,MMR-BSL,287.2,Signal-track interface fault,High,S&T Maintenance Team,2026-08-12 01:15,240,0,N/A,Cancelled-Rescheduled,0
M0026,2026-08-12,T014,Mumbai-Nagpur Trunk,MMR-BSL,386.3,Rail fracture,High,Welding Crew,2026-08-12 23:30,240,230,2026-08-13 03:20,Completed,2
M0027,2026-08-12,T006,Mumbai-Pune-Solapur,PUNE-DD,201.6,Ballast fouling / drainage issue (monsoon),Medium,Track Machine Gang,2026-08-12 12:00,240,230,2026-08-12 15:50,Completed,8
M0028,2026-08-12,T010,Mumbai-Nagpur Trunk,KYN-KSRA,72.4,Rail weld failure (AT/flash-butt),High,USFD Vehicle,2026-08-12 00:15,135,130,2026-08-12 02:25,Completed,1
M0029,2026-08-13,T021,Pune-Kolhapur,KRD-SLI,221.4,Bridge / culvert inspection,Medium,Bridge Inspection Team,2026-08-13 23:30,60,80,2026-08-14 00:50,Overrun,3
M0030,2026-08-13,T019,Pune-Kolhapur,PUNE-STR,48.0,OHE (overhead equipment) snag,High,OHE Maintenance Van,2026-08-13 00:45,120,115,2026-08-13 02:40,Completed,1
M0031,2026-08-13,T019,Pune-Kolhapur,PUNE-STR,40.1,Rail weld failure (AT/flash-butt),High,USFD Vehicle,2026-08-13 00:45,60,60,2026-08-13 01:45,Completed,1
M0032,2026-08-14,T011,Mumbai-Nagpur Trunk,KSRA-IGP,128.0,Ultrasonic flaw detection (routine),Low,USFD Vehicle,2026-08-14 23:30,150,145,2026-08-15 01:55,Completed,4
M0033,2026-08-14,T023,Pune-Kolhapur,MRJ-KOP,263.7,OHE (overhead equipment) snag,High,OHE Maintenance Van,2026-08-14 01:15,135,125,2026-08-14 03:20,Planned,1
M0034,2026-08-14,T013,Mumbai-Nagpur Trunk,NK-MMR,245.9,Bridge / culvert inspection,Medium,Bridge Inspection Team,2026-08-14 02:30,90,80,2026-08-14 03:50,Completed,4
M0035,2026-08-14,T015,Mumbai-Nagpur Trunk,BSL-AK,536.0,Vegetation / embankment clearance,Low,Manual Gang,2026-08-14 01:45,240,0,N/A,Cancelled-Rescheduled,0
M0036,2026-08-15,T010,Mumbai-Nagpur Trunk,KYN-KSRA,108.0,Bridge / culvert inspection,Medium,Bridge Inspection Team,2026-08-15 23:30,60,0,N/A,Cancelled-Rescheduled,0
M0037,2026-08-15,T022,Pune-Kolhapur,SLI-MRJ,232.4,OHE (overhead equipment) snag,High,OHE Maintenance Van,2026-08-15 01:15,60,60,2026-08-15 02:15,Completed,8
M0038,2026-08-16,T014,Mumbai-Nagpur Trunk,MMR-BSL,299.8,Ultrasonic flaw detection (routine),Low,USFD Vehicle,2026-08-16 01:45,135,125,2026-08-16 03:50,Planned,0
M0039,2026-08-16,T014,Mumbai-Nagpur Trunk,MMR-BSL,404.2,Rail weld failure (AT/flash-butt),High,USFD Vehicle,2026-08-16 23:45,60,60,2026-08-17 00:45,Completed,1
M0040,2026-08-16,T005,Mumbai-Pune-Solapur,LNL-PUNE,185.1,Vegetation / embankment clearance,Low,Manual Gang,2026-08-16 13:30,240,0,N/A,Cancelled-Rescheduled,0
M0041,2026-08-17,T015,Mumbai-Nagpur Trunk,BSL-AK,516.2,Track geometry defect (twist/gauge),Medium,Track Recording Car,2026-08-17 12:45,120,0,N/A,Cancelled-Rescheduled,0
M0042,2026-08-17,T017,Mumbai-Nagpur Trunk,BD-WR,629.6,Vegetation / embankment clearance,Low,Manual Gang,2026-08-17 01:30,135,0,N/A,Cancelled-Rescheduled,0
M0043,2026-08-17,T008,Mumbai-Pune-Solapur,KWV-SUR,351.5,OHE (overhead equipment) snag,High,OHE Maintenance Van,2026-08-17 02:00,90,90,2026-08-17 03:30,Completed,1
M0044,2026-08-17,T003,Mumbai-Pune-Solapur,KYN-KJT,63.5,Rail corrugation,Low,Rail Grinding Machine,2026-08-17 02:45,135,155,2026-08-17 05:20,Overrun,6
M0045,2026-08-18,T023,Pune-Kolhapur,MRJ-KOP,250.5,Rail fracture,High,Welding Crew,2026-08-18 12:45,60,55,2026-08-18 13:40,Planned,6
M0046,2026-08-18,T018,Mumbai-Nagpur Trunk,WR-NGP,792.5,Ballast fouling / drainage issue (monsoon),Medium,Track Machine Gang,2026-08-18 13:15,135,0,N/A,Cancelled-Rescheduled,0
M0047,2026-08-18,T016,Mumbai-Nagpur Trunk,AK-BD,606.2,Rail fracture,High,USFD Vehicle,2026-08-18 02:45,180,210,2026-08-18 06:15,Overrun,1
M0048,2026-08-18,T013,Mumbai-Nagpur Trunk,NK-MMR,197.2,Signal-track interface fault,High,S&T Maintenance Team,2026-08-18 23:00,60,50,2026-08-18 23:50,Planned,8
M0049,2026-08-19,T009,Mumbai-Nagpur Trunk,CSTM-KYN,41.1,Rail corrugation,Low,Rail Grinding Machine,2026-08-19 01:45,120,115,2026-08-19 03:40,Completed,6
M0050,2026-08-19,T014,Mumbai-Nagpur Trunk,MMR-BSL,417.0,OHE (overhead equipment) snag,High,OHE Maintenance Van,2026-08-19 12:00,180,180,2026-08-19 15:00,Completed,4
M0051,2026-08-20,T021,Pune-Kolhapur,KRD-SLI,203.5,Rail fracture,High,USFD Vehicle,2026-08-20 01:15,240,240,2026-08-20 05:15,Completed,2
M0052,2026-08-20,T016,Mumbai-Nagpur Trunk,AK-BD,601.1,Ultrasonic flaw detection (routine),Low,USFD Vehicle,2026-08-20 13:15,135,130,2026-08-20 15:25,Completed,1
M0053,2026-08-21,T010,Mumbai-Nagpur Trunk,KYN-KSRA,80.2,Ballast deficiency / packing,Medium,Tamping Machine (BCM),2026-08-21 00:30,150,140,2026-08-21 02:50,Planned,2
M0054,2026-08-21,T019,Pune-Kolhapur,PUNE-STR,85.0,Ballast fouling / drainage issue (monsoon),Medium,Track Machine Gang,2026-08-21 01:00,180,0,N/A,Cancelled-Rescheduled,0
M0055,2026-08-22,T002,Mumbai-Pune-Solapur,DR-KYN,9.6,Points & crossing wear,Medium,P&C Maintenance Gang,2026-08-22 12:30,60,55,2026-08-22 13:25,Planned,6
M0056,2026-08-22,T004,Mumbai-Pune-Solapur,KJT-LNL,112.2,Rail corrugation,Low,Rail Grinding Machine,2026-08-22 23:45,180,180,2026-08-23 02:45,Completed,3
M0057,2026-08-22,T015,Mumbai-Nagpur Trunk,BSL-AK,529.4,Rail corrugation,Low,Rail Grinding Machine,2026-08-22 13:30,120,0,N/A,Cancelled-Rescheduled,0
M0058,2026-08-22,T009,Mumbai-Nagpur Trunk,CSTM-KYN,26.7,Vegetation / embankment clearance,Low,Manual Gang,2026-08-22 12:45,120,120,2026-08-22 14:45,Completed,4
M0059,2026-08-23,T007,Mumbai-Pune-Solapur,DD-KWV,282.2,Points & crossing wear,Medium,P&C Maintenance Gang,2026-08-23 02:30,150,145,2026-08-23 04:55,Completed,2
M0060,2026-08-23,T008,Mumbai-Pune-Solapur,KWV-SUR,407.8,Ballast fouling / drainage issue (monsoon),Medium,Track Machine Gang,2026-08-23 12:15,180,240,2026-08-23 16:15,Overrun,8
M0061,2026-08-23,T001,Mumbai-Pune-Solapur,CSTM-DR,2.8,Ballast deficiency / packing,Medium,Tamping Machine (BCM),2026-08-23 01:45,180,180,2026-08-23 04:45,Completed,4
M0062,2026-08-24,T017,Mumbai-Nagpur Trunk,BD-WR,661.2,Points & crossing wear,Medium,P&C Maintenance Gang,2026-08-24 23:30,120,180,2026-08-25 02:30,Overrun,3
M0063,2026-08-24,T004,Mumbai-Pune-Solapur,KJT-LNL,105.4,Ballast fouling / drainage issue (monsoon),Medium,Track Machine Gang,2026-08-24 02:00,180,180,2026-08-24 05:00,Completed,8
M0064,2026-08-24,T019,Pune-Kolhapur,PUNE-STR,32.6,Bridge / culvert inspection,Medium,Bridge Inspection Team,2026-08-24 02:00,240,240,2026-08-24 06:00,Planned,4
M0065,2026-08-24,T010,Mumbai-Nagpur Trunk,KYN-KSRA,57.0,Rail fracture,High,USFD Vehicle,2026-08-24 13:15,120,0,N/A,Cancelled-Rescheduled,0
M0066,2026-08-25,T010,Mumbai-Nagpur Trunk,KYN-KSRA,91.9,Ballast fouling / drainage issue (monsoon),Medium,Track Machine Gang,2026-08-25 23:45,60,60,2026-08-26 00:45,Completed,8
M0067,2026-08-25,T015,Mumbai-Nagpur Trunk,BSL-AK,432.1,Points & crossing wear,Medium,P&C Maintenance Gang,2026-08-25 00:30,240,230,2026-08-25 04:20,Completed,1
M0068,2026-08-25,T016,Mumbai-Nagpur Trunk,AK-BD,604.2,Ballast deficiency / packing,Medium,Tamping Machine (BCM),2026-08-25 23:00,90,90,2026-08-26 00:30,Planned,3
M0069,2026-08-25,T008,Mumbai-Pune-Solapur,KWV-SUR,381.3,Ballast deficiency / packing,Medium,Tamping Machine (BCM),2026-08-25 12:15,240,230,2026-08-25 16:05,Planned,8
M0070,2026-08-26,T014,Mumbai-Nagpur Trunk,MMR-BSL,408.9,OHE (overhead equipment) snag,High,OHE Maintenance Van,2026-08-26 13:00,150,150,2026-08-26 15:30,Planned,2
M0071,2026-08-26,T009,Mumbai-Nagpur Trunk,CSTM-KYN,8.5,Ultrasonic flaw detection (routine),Low,USFD Vehicle,2026-08-26 01:15,90,90,2026-08-26 02:45,Completed,6
M0072,2026-08-26,T023,Pune-Kolhapur,MRJ-KOP,264.7,Signal-track interface fault,High,S&T Maintenance Team,2026-08-26 02:00,90,135,2026-08-26 04:15,Overrun,8
M0073,2026-08-26,T022,Pune-Kolhapur,SLI-MRJ,235.4,Rail weld failure (AT/flash-butt),High,USFD Vehicle,2026-08-26 23:15,135,135,2026-08-27 01:30,Completed,1
M0074,2026-08-27,T003,Mumbai-Pune-Solapur,KYN-KJT,75.6,Rail fracture,High,Welding Crew,2026-08-27 02:30,135,135,2026-08-27 04:45,Completed,3
M0075,2026-08-27,T009,Mumbai-Nagpur Trunk,CSTM-KYN,48.0,Bridge / culvert inspection,Medium,Bridge Inspection Team,2026-08-27 12:45,60,60,2026-08-27 13:45,Planned,4
M0076,2026-08-28,T003,Mumbai-Pune-Solapur,KYN-KJT,84.9,Rail weld failure (AT/flash-butt),High,USFD Vehicle,2026-08-28 13:00,240,0,N/A,Cancelled-Rescheduled,0
M0077,2026-08-28,T019,Pune-Kolhapur,PUNE-STR,109.7,Rail fracture,High,Welding Crew,2026-08-28 12:45,120,120,2026-08-28 14:45,Completed,6
M0078,2026-08-29,T016,Mumbai-Nagpur Trunk,AK-BD,607.3,Points & crossing wear,Medium,P&C Maintenance Gang,2026-08-29 02:30,180,200,2026-08-29 05:50,Overrun,4
M0079,2026-08-29,T023,Pune-Kolhapur,MRJ-KOP,255.9,Vegetation / embankment clearance,Low,Manual Gang,2026-08-29 23:45,240,240,2026-08-30 03:45,Completed,4
M0080,2026-08-30,T004,Mumbai-Pune-Solapur,KJT-LNL,105.3,Rail corrugation,Low,Rail Grinding Machine,2026-08-30 00:45,135,135,2026-08-30 03:00,Planned,4
M0081,2026-08-30,T021,Pune-Kolhapur,KRD-SLI,224.9,Vegetation / embankment clearance,Low,Manual Gang,2026-08-30 01:30,150,150,2026-08-30 04:00,Completed,8
M0082,2026-08-30,T004,Mumbai-Pune-Solapur,KJT-LNL,104.4,Rail fracture,High,USFD Vehicle,2026-08-30 13:15,180,0,N/A,Cancelled-Rescheduled,0
